,TF,Time,Name,SlBuffer,WinPoints,SlPoints,PointsAfterSL,AppxPrice,AvgPntPerTrade,Target %,Target in Rs,Days,WinDays,SLHitDays,SLAboveATR,ATR,RBD,Win%,AvgEntry,AvgExit,AvgTime,Quantity,FinalAmt
0,10,9-25,NSE:M&M-EQ,1.05,51.6,16.6,35.0,,3.69,0.5,5.25,14,10,2,0,,1,71.43,10:7,11:12,1:5,0,0.0
1,15,9-15,NSE:M&M-EQ,1.05,42.55,33.3,9.25,,3.04,0.5,5.25,14,8,1,0,,4,57.14,10:15,12:1,1:46,0,0.0
2,15,9-30,NSE:M&M-EQ,1.05,56.95,13.2,43.75,,4.07,0.5,5.25,14,11,2,0,,0,78.57,10:16,11:15,0:58,0,0.0
3,15,10-0,NSE:M&M-EQ,1.05,56.95,19.35,37.6,,4.07,0.5,5.25,14,11,2,0,,0,78.57,10:46,12:1,1:15,0,0.0
4,10,10-15,NSE:GAIL-EQ,0.15,5.3,5.25,0.05,153.35,0.38,0.5,0.8,14,7,6,0,,1,50.0,10:35,11:35,1:0,3261,163.05
5,10,9-25,NSE:HCLTECH-EQ,1.05,43.75,43.35,0.4,1027.3,3.12,0.5,2.5,14,8,5,0,,1,57.14,10:9,11:28,1:18,487,194.8
6,15,9-15,NSE:UPL-EQ,0.75,26.5,26.15,0.35,740.25,1.89,0.5,3.7,14,7,3,0,,2,50.0,9:32,10:55,1:23,675,236.25
7,15,10-15,NSE:CHOLAFIN-EQ,0.7,23.0,22.55,0.45,676.1,1.64,0.5,3.4,14,7,6,0,,1,50.0,10:49,11:49,1:0,740,333.0
8,10,10-15,NSE:INDIGO-EQ,1.8,72.05,69.85,2.2,1805.95,5.15,0.5,9.0,14,8,5,0,,1,57.14,10:40,11:13,0:33,277,609.4
9,15,9-15,NSE:BANKBARODA-EQ,0.1,5.45,5.2,0.25,103.7,0.39,0.5,0.55,14,10,2,0,,2,71.43,11:6,12:57,1:51,4822,1205.5
10,15,9-45,NSE:SUNPHARMA-EQ,0.85,30.2,28.1,2.1,847.1,2.16,0.5,4.3,14,7,5,0,,2,50.0,10:32,11:21,0:49,590,1239.0
11,10,10-15,NSE:UPL-EQ,0.75,26.7,24.6,2.1,737.05,1.91,0.5,3.75,14,7,6,0,,1,50.0,10:29,11:36,1:7,678,1423.8
12,15,9-30,NSE:POWERGRID-EQ,0.25,8.1,7.4,0.7,222.9,0.58,0.5,1.15,14,7,3,0,,4,50.0,9:53,12:4,2:10,2243,1570.1
13,15,9-15,NSE:BANDHANBNK-EQ,0.35,13.2,12.1,1.1,333.4,0.94,0.5,1.7,14,8,2,0,,3,57.14,10:24,11:41,1:16,1500,1650.0
14,15,9-15,NSE:WIPRO-EQ,0.5,18.85,17.2,1.65,470.4,1.35,0.5,2.4,14,8,0,0,,5,57.14,10:45,12:30,1:45,1063,1753.95
15,15,10-0,NSE:TITAN-EQ,2.15,76.3,68.5,7.8,2150.0,5.45,0.5,10.7,14,7,5,0,,2,50.0,10:27,11:45,1:17,233,1817.4
16,10,9-25,NSE:IOC-EQ,0.15,4.15,3.7,0.45,118.1,0.3,0.5,0.6,14,7,4,0,,2,50.0,9:45,11:12,1:27,4234,1905.3
17,10,10-5,NSE:BHARTIARTL-EQ,0.7,24.0,21.45,2.55,666.6,1.71,0.5,3.4,14,7,6,0,,1,50.0,10:25,12:7,1:42,750,1912.5
18,15,10-0,NSE:DLF-EQ,0.35,14.7,13.45,1.25,326.3,1.05,0.5,1.65,14,9,5,0,,0,64.29,10:30,10:55,0:25,1532,1915.0
19,10,9-15,NSE:HINDALCO-EQ,0.45,20.4,18.55,1.85,395.4,1.46,0.5,2.05,14,10,2,0,,2,71.43,9:54,11:37,1:43,1265,2340.25
20,10,9-15,NSE:ONGC-EQ,0.2,7.9,7.1,0.8,166.9,0.56,0.5,0.85,14,10,1,0,,2,71.43,10:0,11:0,1:0,2996,2396.8
21,10,10-15,NSE:CHOLAFIN-EQ,0.7,23.05,19.5,3.55,676.2,1.65,0.5,3.4,14,7,7,0,,0,50.0,10:39,11:23,0:44,739,2623.45
22,10,9-25,NSE:TATASTEEL-EQ,1.1,41.8,36.0,5.8,1069.4,2.99,0.5,5.45,14,8,5,0,,1,57.14,9:41,10:55,1:13,468,2714.4
23,15,10-15,NSE:JINDALSTEL-EQ,0.4,16.6,14.5,2.1,371.3,1.19,0.5,1.9,14,9,5,0,,0,64.29,10:50,11:25,0:35,1347,2828.7
24,15,10-0,NSE:BIOCON-EQ,0.35,13.25,11.3,1.95,336.1,0.95,0.5,1.7,14,8,3,0,,3,57.14,10:50,12:5,1:15,1488,2901.6
25,10,10-5,NSE:CHOLAFIN-EQ,0.7,26.3,22.35,3.95,674.5,1.88,0.5,3.4,14,7,6,0,,0,50.0,10:37,11:18,0:41,741,2926.95
26,15,9-15,NSE:ITC-EQ,0.3,9.55,7.9,1.65,269.55,0.68,0.5,1.35,14,7,2,0,,3,50.0,10:19,13:32,3:12,1855,3060.75
27,10,9-25,NSE:INDUSINDBK-EQ,0.95,41.5,35.9,5.6,913.0,2.96,0.5,4.6,14,9,5,0,,0,64.29,9:51,11:19,1:27,548,3068.8
28,10,10-15,NSE:JINDALSTEL-EQ,0.4,16.65,14.3,2.35,371.85,1.19,0.5,1.9,14,9,5,0,,0,64.29,10:48,11:17,0:28,1345,3160.75
29,10,9-15,NSE:BANKBARODA-EQ,0.1,5.45,4.8,0.65,102.55,0.39,0.5,0.55,14,10,2,0,,2,71.43,10:55,12:54,1:59,4876,3169.4
30,15,9-30,NSE:BANDHANBNK-EQ,0.35,13.15,10.9,2.25,333.75,0.94,0.5,1.7,14,7,3,0,,2,50.0,9:43,10:28,0:45,1498,3370.5
31,10,10-15,NSE:HCLTECH-EQ,1.05,38.35,31.35,7.0,1027.3,2.74,0.5,2.5,14,7,6,0,,1,50.0,10:32,12:10,1:37,487,3409.0
32,15,10-0,NSE:BHARTIARTL-EQ,0.7,24.0,19.2,4.8,670.35,1.71,0.5,3.4,14,7,5,0,,1,50.0,10:27,11:55,1:27,746,3580.8
33,10,9-15,NSE:INDUSINDBK-EQ,0.95,41.2,34.65,6.55,913.0,2.94,0.5,4.6,14,9,2,0,,2,64.29,9:50,12:0,2:10,548,3589.4
34,10,9-15,NSE:MARICO-EQ,0.5,20.55,16.85,3.7,494.35,1.47,0.5,2.5,14,8,2,0,,2,57.14,10:50,11:41,0:51,1011,3740.7
35,10,10-5,NSE:JINDALSTEL-EQ,0.4,16.75,13.8,2.95,371.85,1.2,0.5,1.9,14,9,5,0,,0,64.29,10:30,11:17,0:46,1345,3967.75
36,10,10-5,NSE:COALINDIA-EQ,0.25,6.9,5.3,1.6,199.15,0.49,0.5,1.0,14,7,3,0,,3,50.0,10:27,12:33,2:5,2511,4017.6
37,15,10-0,NSE:SUNPHARMA-EQ,0.85,30.0,23.15,6.85,845.8,2.14,0.5,4.25,14,7,5,0,,1,50.0,10:27,11:49,1:21,591,4048.35
38,10,9-25,NSE:HINDALCO-EQ,0.45,20.0,16.65,3.35,398.4,1.43,0.5,2.05,14,10,4,0,,0,71.43,9:44,11:15,1:31,1255,4204.25
39,15,10-15,NSE:KOTAKBANK-EQ,1.85,63.75,47.85,15.9,1848.1,4.55,0.5,9.25,14,7,6,0,,1,50.0,10:49,12:21,1:32,271,4308.9
40,15,10-15,NSE:BANKBARODA-EQ,0.1,4.85,3.95,0.9,103.7,0.35,0.5,0.55,14,9,2,0,,1,64.29,11:1,12:30,1:28,4822,4339.8
41,15,10-15,NSE:HCLTECH-EQ,1.05,39.5,30.5,9.0,1027.3,2.82,0.5,2.5,14,7,5,0,,2,50.0,10:41,13:1,2:20,487,4383.0
42,15,10-0,NSE:INDUSINDBK-EQ,0.95,40.65,32.25,8.4,917.0,2.9,0.5,4.6,14,9,5,0,,0,64.29,10:23,12:1,1:38,545,4578.0
43,15,9-15,NSE:CHOLAFIN-EQ,0.7,26.95,20.8,6.15,670.85,1.93,0.5,3.4,14,8,1,0,,3,57.14,10:20,11:50,1:30,745,4581.75
44,15,10-15,NSE:BHARTIARTL-EQ,0.7,27.55,21.4,6.15,666.6,1.97,0.5,3.4,14,8,5,0,,1,57.14,10:56,12:22,1:26,750,4612.5
45,10,10-5,NSE:TATASTEEL-EQ,1.1,41.85,31.9,9.95,1065.5,2.99,0.5,5.35,14,8,4,0,,2,57.14,10:22,11:3,0:41,469,4666.55
46,10,10-15,NSE:TITAN-EQ,2.15,86.85,66.45,20.4,2130.75,6.2,0.5,10.75,14,8,5,0,,1,57.14,10:36,11:25,0:48,235,4794.0
47,10,9-25,NSE:TITAN-EQ,2.15,96.95,76.2,20.75,2132.1,6.92,0.5,10.6,14,9,4,0,,1,64.29,9:49,11:27,1:37,235,4876.25
48,15,10-15,NSE:ONGC-EQ,0.2,7.25,5.6,1.65,166.3,0.52,0.5,0.85,14,9,3,0,,1,64.29,11:3,12:5,1:1,3007,4961.55
49,15,10-0,NSE:HCLTECH-EQ,1.05,36.9,26.7,10.2,1026.5,2.64,0.5,5.15,14,7,6,0,,1,50.0,10:30,12:33,2:3,487,4967.4
50,10,9-25,NSE:HDFC-EQ,2.3,88.85,66.1,22.75,2252.85,6.35,0.5,11.25,14,8,6,0,,0,57.14,10:8,12:0,1:51,222,5050.5
51,15,9-30,NSE:SBIN-EQ,0.5,18.65,13.8,4.85,465.3,1.33,0.5,2.35,14,8,5,0,,1,57.14,10:1,11:30,1:28,1075,5213.75
52,15,10-0,NSE:SAIL-EQ,0.1,3.2,2.4,0.8,74.9,0.23,0.5,0.4,14,7,2,0,,3,50.0,10:58,11:31,0:33,6676,5340.8
53,15,10-15,NSE:TATASTEEL-EQ,1.1,41.95,30.1,11.85,1067.35,3.0,0.5,5.35,14,8,4,0,,2,57.14,10:52,11:26,0:33,468,5545.8
54,10,10-15,NSE:TATASTEEL-EQ,1.1,38.2,26.15,12.05,1067.5,2.73,0.5,5.35,14,7,4,0,,3,50.0,10:51,11:47,0:56,468,5639.4
55,10,10-5,NSE:INDIGO-EQ,1.8,80.95,60.55,20.4,1795.25,5.78,0.5,9.0,14,9,4,0,,1,64.29,10:25,11:21,0:56,279,5691.6
56,15,13-15,NSE:ONGC-EQ,0.2,5.5,3.6,1.9,165.55,0.39,0.5,0.85,14,7,2,0,,5,50.0,13:51,14:32,0:40,3020,5738.0
57,10,9-25,NSE:BANKBARODA-EQ,0.1,4.9,3.7,1.2,103.7,0.35,0.5,0.55,14,8,5,0,,0,57.14,10:23,11:51,1:27,4822,5786.4
58,10,10-15,NSE:BANKBARODA-EQ,0.1,4.35,3.15,1.2,103.25,0.31,0.5,0.55,14,8,5,0,,0,57.14,10:46,11:38,0:52,4843,5811.6
59,15,10-0,NSE:HDFC-EQ,2.3,87.8,61.55,26.25,2253.0,6.27,0.5,11.3,14,8,5,0,,1,57.14,10:35,11:56,1:20,222,5827.5
60,10,9-45,NSE:BANDHANBNK-EQ,0.35,14.7,10.8,3.9,331.65,1.05,0.5,1.7,14,9,5,0,,0,64.29,9:41,10:35,0:53,1508,5881.2
61,10,13-15,NSE:JINDALSTEL-EQ,0.4,14.8,10.4,4.4,365.65,1.06,0.5,1.85,14,8,5,0,,1,57.14,13:41,14:7,0:26,1367,6014.8
62,15,10-0,NSE:BANKBARODA-EQ,0.1,4.9,3.6,1.3,103.1,0.35,0.5,0.55,14,9,5,0,,0,64.29,10:38,12:8,1:30,4850,6305.0
63,15,10-15,NSE:HDFC-EQ,2.3,87.9,59.3,28.6,2258.1,6.28,0.5,11.3,14,8,5,0,,1,57.14,10:39,12:26,1:46,221,6320.6
64,15,9-15,NSE:KOTAKBANK-EQ,1.85,66.0,42.55,23.45,1840.2,4.71,0.5,9.2,14,7,1,0,,4,50.0,10:24,12:11,1:46,272,6378.4
65,10,10-15,NSE:TECHM-EQ,1.15,49.8,35.35,14.45,1129.65,3.56,0.5,5.65,14,9,5,0,,0,64.29,10:42,11:50,1:7,443,6401.35
66,15,10-0,NSE:LUPIN-EQ,0.65,24.7,16.75,7.95,620.05,1.76,0.5,3.1,14,8,3,0,,3,57.14,10:35,11:56,1:20,806,6407.7
67,10,9-25,NSE:TATAMOTORS-EQ,0.45,17.45,11.8,5.65,431.45,1.25,0.5,2.2,14,8,5,0,,1,57.14,9:57,11:11,1:13,1159,6548.35
68,10,10-5,NSE:BANKBARODA-EQ,0.1,4.9,3.55,1.35,103.05,0.35,0.5,0.55,14,9,5,0,,0,64.29,10:22,11:43,1:21,4852,6550.2
69,10,10-5,NSE:MARICO-EQ,0.5,22.95,16.55,6.4,487.4,1.64,0.5,2.45,14,9,4,0,,1,64.29,10:30,12:13,1:43,1026,6566.4
70,10,9-25,NSE:TECHM-EQ,1.15,55.5,40.35,15.15,1129.65,3.96,0.5,5.65,14,10,3,0,,1,71.43,9:48,11:13,1:25,443,6711.45
71,15,9-15,NSE:ADANIPORTS-EQ,0.75,33.0,23.15,9.85,731.05,2.36,0.5,3.65,14,9,2,0,,1,64.29,10:3,11:50,1:46,684,6737.4
72,10,9-25,NSE:CIPLA-EQ,1.0,42.0,28.75,13.25,968.25,3.0,0.5,4.9,14,8,3,0,,3,57.14,9:52,11:0,1:7,516,6837.0
73,15,9-15,NSE:BIOCON-EQ,0.35,13.45,8.85,4.6,336.1,0.96,0.5,1.7,14,8,1,0,,2,57.14,10:37,11:43,1:5,1488,6844.8
74,15,9-15,NSE:JINDALSTEL-EQ,0.4,18.9,13.85,5.05,366.05,1.35,0.5,1.9,14,10,1,0,,2,71.43,10:34,11:40,1:6,1366,6898.3
75,10,10-15,NSE:AXISBANK-EQ,0.65,23.85,14.8,9.05,654.6,1.7,0.5,3.3,14,7,6,0,,1,50.0,10:36,11:55,1:18,764,6914.2
76,10,9-15,NSE:WIPRO-EQ,0.5,21.2,14.65,6.55,468.55,1.51,0.5,2.35,14,9,0,0,,5,64.29,10:32,12:5,1:32,1067,6988.85
77,10,9-15,NSE:INDIGO-EQ,1.8,81.5,56.2,25.3,1795.25,5.82,0.5,9.0,14,9,2,0,,1,64.29,10:12,11:15,1:2,279,7058.7
78,10,9-25,NSE:JINDALSTEL-EQ,0.4,18.65,13.35,5.3,374.3,1.33,0.5,1.9,14,10,4,0,,0,71.43,9:55,10:34,0:39,1336,7080.8
79,15,13-15,NSE:JINDALSTEL-EQ,0.4,15.1,9.9,5.2,365.95,1.08,0.5,1.85,14,8,3,0,,2,57.14,13:45,14:26,0:41,1366,7103.2
80,15,9-15,NSE:TATAMOTORS-EQ,0.45,18.6,12.25,6.35,429.7,1.33,0.5,2.2,14,8,1,0,,4,57.14,10:11,11:53,1:41,1164,7391.4
81,10,9-15,NSE:DLF-EQ,0.35,16.75,11.9,4.85,325.55,1.2,0.5,1.65,14,10,1,0,,3,71.43,10:15,10:58,0:43,1536,7449.6
82,10,10-5,NSE:SBIN-EQ,0.5,16.4,9.4,7.0,467.05,1.17,0.5,2.35,14,7,7,0,,0,50.0,10:20,11:37,1:17,1071,7497.0
83,15,9-30,NSE:SUNPHARMA-EQ,0.85,38.7,25.5,13.2,847.1,2.76,0.5,4.3,14,9,4,0,,1,64.29,10:3,10:55,0:51,590,7788.0
84,10,10-5,NSE:TECHM-EQ,1.15,50.45,32.5,17.95,1127.55,3.6,0.5,5.65,14,9,5,0,,0,64.29,10:22,11:17,0:54,443,7951.85
85,10,10-15,NSE:BIOCON-EQ,0.35,14.95,9.65,5.3,332.3,1.07,0.5,1.7,14,9,3,0,,2,64.29,10:46,12:7,1:21,1505,7976.5
86,15,10-0,NSE:INDIGO-EQ,1.8,89.75,60.8,28.95,1794.9,6.41,0.5,9.0,14,10,2,0,,2,71.43,11:3,11:36,0:33,279,8077.05
87,15,10-0,NSE:WIPRO-EQ,0.5,18.75,11.15,7.6,469.05,1.34,0.5,2.35,14,7,5,0,,1,50.0,10:33,12:18,1:45,1066,8101.6
88,10,10-5,NSE:KOTAKBANK-EQ,1.85,64.25,34.2,30.05,1843.0,4.59,0.5,9.2,14,7,7,0,,0,50.0,10:26,11:55,1:28,271,8143.55
89,15,9-30,NSE:DLF-EQ,0.35,16.4,11.05,5.35,325.25,1.17,0.5,1.65,14,10,4,0,,0,71.43,9:54,10:57,1:3,1537,8222.95
90,10,10-15,NSE:BHARTIARTL-EQ,0.7,27.55,16.35,11.2,666.6,1.97,0.5,3.4,14,8,6,0,,0,57.14,10:42,12:21,1:38,750,8400.0
91,10,9-15,NSE:BPCL-EQ,0.35,16.4,10.9,5.5,323.6,1.17,0.5,1.65,14,10,2,0,,2,71.43,9:55,10:53,0:58,1545,8497.5
92,10,10-15,NSE:KOTAKBANK-EQ,1.85,63.85,31.8,32.05,1847.65,4.56,0.5,9.25,14,7,6,0,,1,50.0,10:27,11:36,1:8,271,8685.55
93,15,9-30,NSE:ADANIPORTS-EQ,0.75,36.75,23.85,12.9,731.05,2.62,0.5,3.65,14,10,4,0,,0,71.43,9:49,11:30,1:40,684,8823.6
94,15,10-0,NSE:SBIN-EQ,0.5,16.3,8.05,8.25,467.15,1.16,0.5,2.35,14,7,6,0,,1,50.0,10:25,11:47,1:21,1070,8827.5
95,15,9-15,NSE:INDIGO-EQ,1.8,81.95,50.25,31.7,1794.9,5.85,0.5,9.0,14,9,2,0,,1,64.29,10:51,11:30,0:38,279,8844.3
96,15,10-0,NSE:KOTAKBANK-EQ,1.85,73.35,40.6,32.75,1847.0,5.24,0.5,9.2,14,8,5,0,,0,57.14,10:46,12:50,2:3,271,8875.25
97,10,9-25,NSE:COALINDIA-EQ,0.25,8.9,5.35,3.55,199.9,0.64,0.5,1.0,14,9,3,0,,1,64.29,10:10,10:56,0:45,2501,8878.55
98,15,10-0,NSE:CIPLA-EQ,1.0,39.2,22.0,17.2,966.65,2.8,0.5,4.85,14,8,3,0,,2,57.14,10:37,12:31,1:54,517,8892.4
99,15,10-0,NSE:ICICIBANK-EQ,0.75,32.9,19.65,13.25,727.0,2.35,0.5,3.65,14,9,5,0,,0,64.29,10:30,12:15,1:45,688,9116.0
100,10,10-5,NSE:LUPIN-EQ,0.65,27.85,16.35,11.5,620.4,1.99,0.5,3.1,14,9,4,0,,1,64.29,10:23,11:32,1:8,806,9269.0
101,15,9-15,NSE:MARICO-EQ,0.5,20.75,11.35,9.4,494.2,1.48,0.5,2.5,14,7,1,0,,2,50.0,10:54,12:0,1:5,1012,9512.8
102,15,10-0,NSE:GAIL-EQ,0.15,6.8,3.85,2.95,153.55,0.49,0.5,0.8,14,9,4,0,,1,64.29,10:36,11:31,0:55,3256,9605.2
103,10,10-5,NSE:ADANIPORTS-EQ,0.75,32.9,18.9,14.0,728.15,2.35,0.5,3.65,14,9,5,0,,0,64.29,10:27,11:39,1:12,687,9618.0
104,15,10-15,NSE:TATAMOTORS-EQ,0.45,19.55,11.2,8.35,433.05,1.4,0.5,2.2,14,9,5,0,,0,64.29,10:48,11:46,0:58,1155,9644.25
105,10,9-35,NSE:MARICO-EQ,0.5,25.45,16.1,9.35,484.65,1.82,0.5,2.45,14,10,3,0,,0,71.43,9:52,11:27,1:35,1032,9649.2
106,10,13-15,NSE:TECHM-EQ,1.15,44.2,22.35,21.85,1128.35,3.16,0.5,5.65,14,7,5,0,,1,50.0,13:36,14:27,0:51,443,9679.55
107,10,10-5,NSE:GAIL-EQ,0.15,6.8,3.75,3.05,153.55,0.49,0.5,0.8,14,9,3,0,,1,64.29,10:39,11:38,0:58,3256,9930.8
108,15,9-30,NSE:MARICO-EQ,0.5,25.55,15.8,9.75,484.4,1.82,0.5,2.45,14,10,4,0,,0,71.43,10:7,11:37,1:30,1032,10062.0
109,15,10-15,NSE:TITAN-EQ,2.15,98.05,54.9,43.15,2133.0,7.0,0.5,10.8,14,9,3,0,,1,64.29,10:46,11:48,1:1,234,10097.1
110,10,10-15,NSE:ICICIBANK-EQ,0.75,29.35,14.5,14.85,727.5,2.1,0.5,3.65,14,8,6,0,,0,57.14,10:33,12:0,1:26,687,10201.95
111,15,10-15,NSE:CIPLA-EQ,1.0,39.2,19.2,20.0,965.0,2.8,0.5,4.85,14,8,3,0,,3,57.14,11:9,13:0,1:50,518,10360.0
112,15,9-30,NSE:WIPRO-EQ,0.5,21.05,11.3,9.75,467.35,1.5,0.5,2.4,14,9,3,0,,1,64.29,10:21,11:41,1:20,1070,10432.5
113,10,10-15,NSE:MARICO-EQ,0.5,20.3,10.05,10.25,487.4,1.45,0.5,2.45,14,8,6,0,,0,57.14,10:47,11:41,0:53,1026,10516.5
114,10,9-15,NSE:ITC-EQ,0.3,10.9,5.2,5.7,269.55,0.78,0.5,1.35,14,8,1,0,,3,57.14,9:58,12:3,2:5,1855,10573.5
115,15,13-15,NSE:TECHM-EQ,1.15,40.3,15.9,24.4,1128.9,2.88,0.5,5.65,14,7,3,0,,4,50.0,13:45,14:33,0:48,443,10809.2
116,15,9-30,NSE:HCLTECH-EQ,1.05,44.9,22.6,22.3,1027.3,3.21,0.5,2.5,14,8,4,0,,2,57.14,10:27,12:27,2:0,487,10860.1
117,10,10-5,NSE:ICICIBANK-EQ,0.75,32.9,17.1,15.8,726.3,2.35,0.5,3.65,14,9,5,0,,0,64.29,10:27,12:13,1:46,688,10870.4
118,10,10-5,NSE:TATAMOTORS-EQ,0.45,17.5,8.0,9.5,432.55,1.25,0.5,2.2,14,8,6,0,,0,57.14,10:31,12:11,1:40,1156,10982.0
119,15,9-30,NSE:INDUSINDBK-EQ,0.95,41.05,20.8,20.25,917.0,2.93,0.5,4.6,14,9,4,0,,0,64.29,10:1,11:58,1:56,545,11036.25
120,15,10-0,NSE:POWERGRID-EQ,0.25,9.25,4.3,4.95,224.0,0.66,0.5,1.15,14,8,3,0,,2,57.14,10:50,12:48,1:58,2232,11048.4
121,10,13-15,NSE:BHARTIARTL-EQ,0.7,23.95,9.1,14.85,668.9,1.71,0.5,3.35,14,7,5,0,,1,50.0,13:33,14:9,0:35,747,11092.95
122,10,9-15,NSE:BIOCON-EQ,0.35,13.35,5.6,7.75,333.9,0.95,0.5,1.7,14,8,0,0,,3,57.14,10:23,11:13,0:50,1497,11601.75
123,10,10-5,NSE:HDFC-EQ,2.3,88.5,36.0,52.5,2251.55,6.32,0.5,11.3,14,8,6,0,,0,57.14,10:27,11:51,1:23,222,11655.0
124,10,10-15,NSE:BANDHANBNK-EQ,0.35,14.85,7.1,7.75,332.2,1.06,0.5,1.7,14,9,4,0,,1,64.29,10:29,11:21,0:52,1505,11663.75
125,10,10-5,NSE:BANDHANBNK-EQ,0.35,14.85,7.05,7.8,334.2,1.06,0.5,1.7,14,9,4,0,,1,64.29,10:23,11:42,1:18,1496,11668.8
126,10,13-15,NSE:HCLTECH-EQ,1.05,41.95,17.85,24.1,1028.8,3.0,0.5,1.0,14,8,3,0,,3,57.14,13:42,14:23,0:41,486,11712.6
127,15,13-15,NSE:HCLTECH-EQ,1.05,38.25,14.15,24.1,1027.5,2.73,0.5,2.2999999999999545,14,7,3,0,,2,50.0,13:39,14:20,0:41,487,11736.7
128,15,10-0,NSE:CHOLAFIN-EQ,0.7,33.0,17.05,15.95,676.0,2.36,0.5,3.4,14,10,4,0,,0,71.43,10:43,11:40,0:57,740,11803.0
129,10,10-15,NSE:TATAMOTORS-EQ,0.45,17.45,7.2,10.25,433.05,1.25,0.5,2.2,14,8,5,0,,0,57.14,10:45,11:51,1:6,1155,11838.75
130,15,13-15,NSE:BANKBARODA-EQ,0.1,3.75,1.25,2.5,104.7,0.27,0.5,0.55,14,7,2,0,,2,50.0,14:4,14:42,0:38,4776,11940.0
131,10,9-25,NSE:MARICO-EQ,0.5,25.75,14.0,11.75,486.95,1.84,0.5,2.45,14,10,4,0,,0,71.43,10:4,11:36,1:32,1027,12067.25
132,10,10-5,NSE:TITAN-EQ,2.15,97.5,45.65,51.85,2141.5,6.96,0.5,10.7,14,9,5,0,,0,64.29,10:22,11:16,0:53,233,12081.05
133,10,10-5,NSE:BIOCON-EQ,0.35,14.95,6.75,8.2,336.1,1.07,0.5,1.7,14,9,3,0,,2,64.29,10:43,11:53,1:10,1488,12201.6
134,10,9-15,NSE:KOTAKBANK-EQ,1.85,75.25,30.0,45.25,1844.5,5.38,0.5,9.2,14,8,1,0,,3,57.14,10:12,12:2,1:50,271,12262.75
135,10,9-25,NSE:BIOCON-EQ,0.35,16.55,8.2,8.35,333.5,1.18,0.5,1.7,14,10,3,0,,1,71.43,10:2,11:20,1:18,1499,12516.65
136,10,9-15,NSE:BHARTIARTL-EQ,0.7,34.65,18.0,16.65,665.3,2.48,0.5,3.35,14,10,2,0,,1,71.43,9:50,10:51,1:1,752,12520.8
137,15,10-0,NSE:BANDHANBNK-EQ,0.35,16.5,7.95,8.55,332.85,1.18,0.5,1.7,14,10,3,0,,1,71.43,10:25,11:46,1:21,1502,12842.1
138,15,9-15,NSE:ICICIBANK-EQ,0.75,32.7,13.85,18.85,727.0,2.34,0.5,3.65,14,9,2,0,,3,64.29,10:5,11:25,1:20,688,12968.8
139,15,9-30,NSE:TITAN-EQ,2.15,108.15,52.6,55.55,2134.0,7.73,0.5,10.7,14,10,2,0,,1,71.43,10:6,11:34,1:28,234,12998.7
140,15,10-15,NSE:BIOCON-EQ,0.35,16.65,7.75,8.9,336.1,1.19,0.5,1.7,14,10,2,0,,2,71.43,11:6,12:58,1:52,1488,13243.2
141,15,10-0,NSE:COALINDIA-EQ,0.25,7.9,2.6,5.3,199.2,0.56,0.5,1.0,14,8,2,0,,2,57.14,10:41,12:5,1:24,2510,13303.0
142,10,10-5,NSE:SUNPHARMA-EQ,0.85,38.55,15.9,22.65,845.8,2.75,0.5,4.25,14,9,4,0,,1,64.29,10:30,12:22,1:52,591,13386.15
143,15,9-30,NSE:CIPLA-EQ,1.0,46.7,20.75,25.95,968.45,3.34,0.5,4.9,14,9,1,0,,3,64.29,9:58,11:22,1:24,516,13390.2
144,15,9-15,NSE:HCLTECH-EQ,1.05,46.3,18.75,27.55,1025.0,3.31,0.5,5.15,14,9,1,0,,3,64.29,10:10,12:3,1:53,488,13444.4
145,10,9-15,NSE:HDFC-EQ,2.3,100.6,38.55,62.05,2252.85,7.19,0.5,11.3,14,9,1,0,,4,64.29,10:2,11:32,1:30,222,13775.1
146,15,10-0,NSE:ONGC-EQ,0.2,8.1,3.5,4.6,166.3,0.58,0.5,0.85,14,10,1,0,,3,71.43,10:39,11:57,1:18,3007,13832.2
147,10,10-5,NSE:DLF-EQ,0.35,16.4,7.3,9.1,326.05,1.17,0.5,1.65,14,9,4,0,,0,64.29,10:19,10:48,0:29,1534,13959.4
148,15,9-30,NSE:SAIL-EQ,0.1,3.95,1.85,2.1,75.05,0.28,0.5,0.4,14,10,4,0,,0,71.43,10:16,11:52,1:36,6662,13990.2
149,10,9-15,NSE:ICICIBANK-EQ,0.75,34.0,13.25,20.75,726.65,2.43,0.5,3.65,14,9,2,0,,3,64.29,9:58,11:46,1:48,688,14276.0
150,10,9-15,NSE:TECHM-EQ,1.15,61.45,28.7,32.75,1124.45,4.39,0.5,5.65,14,11,1,0,,1,78.57,9:45,11:8,1:22,445,14573.75
151,15,10-0,NSE:TATASTEEL-EQ,1.1,52.4,21.0,31.4,1065.25,3.74,0.5,5.4,14,9,2,0,,2,64.29,10:48,11:52,1:4,469,14726.6
152,10,13-15,NSE:ADANIPORTS-EQ,0.75,32.9,11.4,21.5,727.1,2.35,0.5,3.65,14,9,4,0,,1,64.29,13:26,14:17,0:51,688,14792.0
153,10,9-15,NSE:TITAN-EQ,2.15,109.05,45.65,63.4,2132.1,7.79,0.5,10.65,14,10,0,0,,3,71.43,9:35,10:25,0:50,235,14899.0
154,10,10-15,NSE:INDUSINDBK-EQ,0.95,40.6,12.7,27.9,919.25,2.9,0.5,4.6,14,9,3,0,,1,64.29,10:37,12:12,1:35,544,15177.6
155,15,9-30,NSE:UPL-EQ,0.75,34.35,11.75,22.6,741.4,2.45,0.5,3.75,14,9,2,0,,2,64.29,10:23,11:45,1:21,674,15232.4
156,10,10-5,NSE:M&M-EQ,1.05,51.8,19.8,32.0,1047.5,3.7,0.5,5.25,14,10,3,0,,0,71.43,10:31,11:38,1:7,477,15264.0
157,15,9-15,NSE:TITAN-EQ,2.15,98.5,32.85,65.65,2132.1,7.04,0.5,10.65,14,9,0,0,,3,64.29,9:48,10:38,0:50,235,15427.75
158,15,9-15,NSE:HDFC-EQ,2.3,100.6,30.8,69.8,2253.0,7.19,0.5,11.3,14,9,1,0,,2,64.29,10:6,11:45,1:38,222,15495.6
159,15,9-30,NSE:GAIL-EQ,0.15,7.6,2.8,4.8,153.15,0.54,0.5,0.8,14,10,2,0,,2,71.43,10:3,10:36,0:33,3265,15672.0
160,10,9-15,NSE:COALINDIA-EQ,0.25,9.9,3.55,6.35,199.25,0.71,0.5,1.0,14,10,0,0,,4,71.43,10:5,11:20,1:15,2509,15932.15
161,15,10-0,NSE:MARICO-EQ,0.5,28.15,12.55,15.6,487.0,2.01,0.5,2.45,14,10,2,0,,1,71.43,10:27,12:10,1:43,1027,16021.2
162,10,10-15,NSE:WIPRO-EQ,0.5,21.15,6.0,15.15,470.4,1.51,0.5,2.35,14,9,4,0,,0,64.29,10:32,12:2,1:30,1063,16104.45
163,15,9-30,NSE:TATAMOTORS-EQ,0.45,21.6,7.65,13.95,431.25,1.54,0.5,2.2,14,10,3,0,,1,71.43,10:49,11:46,0:57,1159,16168.05
164,15,9-30,NSE:HDFC-EQ,2.3,111.85,38.55,73.3,2248.5,7.99,0.5,11.25,14,10,3,0,,1,71.43,10:4,11:33,1:28,222,16272.6
165,15,9-30,NSE:ICICIBANK-EQ,0.75,34.2,10.4,23.8,727.0,2.44,0.5,3.65,14,9,4,0,,1,64.29,10:6,12:6,2:0,688,16374.4
166,10,9-15,NSE:SAIL-EQ,0.1,4.0,1.55,2.45,74.75,0.29,0.5,0.4,14,10,0,0,,3,71.43,10:14,12:1,1:47,6689,16388.05
167,10,10-15,NSE:HDFC-EQ,2.3,99.2,22.4,76.8,2253.1,7.09,0.5,11.3,14,8,4,0,,0,57.14,10:30,11:52,1:22,222,17049.6
168,15,9-15,NSE:BHARTIARTL-EQ,0.7,34.6,11.5,23.1,669.4,2.47,0.5,3.35,14,9,1,0,,2,64.29,10:1,11:33,1:31,747,17255.7
169,10,9-25,NSE:UPL-EQ,0.75,35.5,9.9,25.6,740.25,2.54,0.5,3.7,14,9,2,0,,2,64.29,10:0,11:30,1:30,675,17280.0
170,15,9-30,NSE:BANKBARODA-EQ,0.1,5.85,2.25,3.6,103.7,0.42,0.5,0.55,14,9,3,0,,0,64.29,10:16,12:21,2:5,4822,17359.2
171,10,13-15,NSE:GRASIM-EQ,1.35,60.9,15.45,45.45,1308.8,4.35,0.5,6.55,14,9,2,0,,2,64.29,13:37,14:29,0:52,382,17361.9
172,15,9-15,NSE:SAIL-EQ,0.1,4.0,1.4,2.6,74.6,0.29,0.5,0.4,14,10,1,0,,2,71.43,10:54,12:10,1:16,6702,17425.2
173,15,10-0,NSE:TATAMOTORS-EQ,0.45,21.85,6.75,15.1,432.7,1.56,0.5,2.2,14,10,4,0,,0,71.43,10:45,12:4,1:19,1156,17455.6
174,15,9-15,NSE:IOC-EQ,0.15,4.75,0.5,4.25,118.6,0.34,0.5,0.6,14,8,0,0,,4,57.14,10:16,11:22,1:5,4216,17918.0
175,10,9-25,NSE:ADANIPORTS-EQ,0.75,37.65,11.15,26.5,728.6,2.69,0.5,3.65,14,10,3,0,,1,71.43,9:49,11:39,1:50,686,18179.0
176,15,10-15,NSE:M&M-EQ,1.05,56.85,18.45,38.4,1042.9,4.06,0.5,5.25,14,10,2,0,,1,71.43,10:51,11:53,1:1,479,18393.6
177,10,9-15,NSE:GAIL-EQ,0.15,8.45,2.75,5.7,154.0,0.6,0.5,0.8,14,11,1,0,,2,78.57,10:10,11:5,0:55,3247,18507.9
178,10,9-15,NSE:IOC-EQ,0.15,5.35,0.95,4.4,118.7,0.38,0.5,0.6,14,9,0,0,,4,64.29,9:58,11:38,1:40,4212,18532.8
179,10,10-15,NSE:M&M-EQ,1.05,56.85,18.1,38.75,1042.9,4.06,0.5,5.25,14,11,2,0,,1,78.57,10:45,11:32,0:47,479,18561.25
180,15,10-15,NSE:INDUSINDBK-EQ,0.95,50.05,15.45,34.6,918.45,3.57,0.5,4.6,14,11,2,0,,1,78.57,10:47,12:49,2:1,544,18822.4
181,10,10-5,NSE:HCLTECH-EQ,1.05,51.35,12.75,38.6,1025.35,3.67,0.5,5.15,14,9,4,0,,0,64.29,10:26,11:37,1:11,488,18836.8
182,15,9-15,NSE:TECHM-EQ,1.15,61.45,18.9,42.55,1127.55,4.39,0.5,5.65,14,11,1,0,,0,78.57,9:53,11:15,1:21,443,18849.65
183,10,9-15,NSE:CHOLAFIN-EQ,0.7,36.85,10.9,25.95,672.85,2.63,0.5,3.4,14,11,1,0,,0,78.57,10:5,11:27,1:21,743,19280.85
184,10,10-5,NSE:AXISBANK-EQ,0.65,30.75,4.9,25.85,653.65,2.2,0.5,3.3,14,9,4,0,,1,64.29,10:39,11:47,1:7,765,19775.25
185,10,10-5,NSE:WIPRO-EQ,0.5,23.5,4.55,18.95,468.45,1.68,0.5,2.35,14,9,3,0,,1,64.29,10:24,11:33,1:9,1067,20219.65
186,15,10-0,NSE:JINDALSTEL-EQ,0.4,22.35,6.7,15.65,368.5,1.6,0.5,1.9,14,12,2,0,,0,85.71,10:41,11:21,0:40,1357,21237.05
187,10,10-5,NSE:ONGC-EQ,0.2,8.85,1.65,7.2,166.3,0.63,0.5,0.85,14,11,1,0,,1,78.57,10:31,11:25,0:54,3007,21650.4
188,15,9-15,NSE:HINDALCO-EQ,0.45,22.5,5.15,17.35,395.8,1.61,0.5,2.05,14,11,1,0,,1,78.57,10:19,11:45,1:25,1263,21913.05
189,10,9-25,NSE:BHARTIARTL-EQ,0.7,37.95,7.7,30.25,669.4,2.71,0.5,3.35,14,11,2,0,,1,78.57,9:46,10:48,1:1,747,22596.75
190,10,10-5,NSE:INDUSINDBK-EQ,0.95,49.95,7.1,42.85,916.45,3.57,0.5,4.6,14,11,3,0,,0,78.57,10:27,12:12,1:44,546,23396.1
191,10,9-15,NSE:TATASTEEL-EQ,1.1,52.8,2.3,50.5,1069.4,3.77,0.5,5.45,14,10,0,0,,1,71.43,9:49,11:0,1:11,468,23634.0
192,10,9-25,NSE:ICICIBANK-EQ,0.75,40.15,4.7,35.45,725.95,2.87,0.5,3.65,14,10,3,0,,0,71.43,9:52,11:35,1:42,689,24425.05
193,15,10-15,NSE:BANDHANBNK-EQ,0.35,19.75,2.15,17.6,332.35,1.41,0.5,1.7,14,12,2,0,,0,85.71,10:43,12:12,1:28,1504,26470.4
